{
  "articles_analyzed": 7,
  "training": {
    "accuracy": 0.75,
    "precision": 1.0,
    "recall": 0.5,
    "f1": 0.6667,
    "confusion_matrix": [
      [
        2,
        0
      ],
      [
        1,
        1
      ]
    ],
    "classification_report": {
      "fake": {
        "precision": 1.0,
        "recall": 0.5,
        "f1-score": 0.6666666666666666,
        "support": 2.0
      },
      "real": {
        "precision": 0.6666666666666666,
        "recall": 1.0,
        "f1-score": 0.8,
        "support": 2.0
      },
      "accuracy": 0.75,
      "macro avg": {
        "precision": 0.8333333333333333,
        "recall": 0.75,
        "f1-score": 0.7333333333333334,
        "support": 4.0
      },
      "weighted avg": {
        "precision": 0.8333333333333333,
        "recall": 0.75,
        "f1-score": 0.7333333333333334,
        "support": 4.0
      }
    },
    "dataset_rows": 20,
    "train_rows": 16,
    "test_rows": 4,
    "transformer_enabled": true
  }
}